cat-id|product-name
1|AFC Sushi Spicy Salmon Roll Prepared In Store, Ready To Eat
2|Acai Dragonfruit Melon Green Tea
3|Acne Dote Clean 'n Treat Towellettes
4|Acti-Fresh Body Shape Long Unscented To Go Panty Liners
4|Adrenal Health Liquid Capsules
5|Adult Dog Formula Dog Food
6|Advanced Care Skin Renew Anti-Perspirant Deodorant
7|Advanced Haircare Color Vibrancy Nourishing Shampoo
8|Agar Agar Powder
9|Aged Gouda Cheese
10|Air Effects Gain Island Fresh
10|Air Effects With Gain Original Scent Air Freshener Spray
11|Albacore Chunk White Tuna in Water
12|Alcohol Free Maple Flavor
13|All American Flame Grilled Veggie Burgers
14|All Natural 100% Apple Juice
15|All Natural Homestyle California Lemon Limeade
16|All Natural Premium Cornish Hen
17|All Natural Stevia Liquid Extract Sweetener
18|All Time Great's Candy Assortment
19|All-Natural Irish Style Oatmeal
12|All-Seasons Salt
20|Almond Breeze Unsweetened Almond Coconut Milk Blend
21|Almond Extract
3|Almond Glow Almond Body Lotion/Massage Oil
22|Almond Honey Protein+ Bar
23|Almond Spread, Dark Chocolate
24|Almonds Roasted and Salted
25|Alpha-Bits Multigrain Cereal
26|American Cheese Slices
27|Annie's Bunny Fruit Snacks Variety
28|Anti Diarrheal Caplets
29|Antibacterial, Pomegranate & Tangerine Hand Soap with Moisturizer
30|Antioxidant Cranberry Body Wash
15|Antioxidant Infusions Brasilia Blueberry
31|Apple And Pineapple
10|Apple Cinnamon Crisp Candle
32|Apple Green Cups
14|Apple Sparkling Juice Beverage
27|Apricot Fruit Roll
33|Apricots
29|Aquaphor Healing Ointment
7|Argan Oil of Morocco Renewing Weightless Healing Dry Oil Hair Oil
34|Aromatherapaes Stress Reducing Lavender & Chamomile Spa Bath
8|Arrowroot Powder
35|ArtiHearts Fresh Grilled Artichokes
36|Artisan Chick'n & Apple Sausage
37|Artisan Ciabatta
38|Artisan Spiced Pecan Turtle Ice Cream
39|Artisan Style Melts Quattro Formaggi Pizza
35|Arugula Salad
26|Asiago Cheese Bread
40|Aspirin 325 Mg
39|Authentic Deep Dish, Spinach & Garlic Pizza
41|Automatic Dish Packs, Lemon Verbena Scent
42|Automatic Toilet Bowl Cleaner Bleach & Blue Rain Clean Scent Pack
42|Automatic Toilet Bowl Cleaner with Bleach
43|Autumn Vegetable & Turkey Dinner with Lil' Bits Purees Dinner
44|Awesome Strength Paper Towels
45|BBQ Concentrate & Marinade Sauce
43|Baby Cookies Apple + Ginger
46|Baby Dry Diapers Size 4
30|Baby's Mineral Lotion Spf 50
47|Bake & Break Cheese Garlic Loaf
48|Baked Rice Crisps, Sour Cream & Wasabi, Medium
17|Baking Bar Ghirardelli 60% Cacao
49|Balanced Breaks White Cheddar with Sea Salted Roasted Almonds and Dried Cranberries
43|Banana & Sweet Potato Organic Teething Wafers
50|Banana Chocolate Chip
30|Basil Daly Bar Soap
1|Basil, Asiago & Pine Nut Pesto Ravioli
44|Bathroom Tissue
29|Beach Defense Water + Sun Barrier Spray Sunscreen Spf 70
41|Beach Sage Liquid Fabric Softener
51|Bean Threads
52|Beef Hot Links Beef Smoked Sausage With Chile Peppers
53|Beef Strips Portabella Complete Meals
54|Beer, IPA
50|Belgian Waffles
55|Best Grains Honey & Crunch Oat Bread
7|Biotin & Collagen Shampoo
21|Biotin 10,000mcg Maximum Strength
21|Biotin 1000 mcg
21|Biotin Super Strength 7500 mcg Tablets
18|Bites Cherry Candy
23|Black Cherry Premium Fruit Spread
15|Black Currant Kombucha
22|Black Olive Walnut Bar
12|Black Peppercorns
18|Black Salt Caramel Dark Chocolate Bar
2|Black Tea English Breakfast K-Cups
53|Blakes Chicken Parmesan Dinner
38|Blue Bottle Coffee Frozen Bar
43|Blueberry & Banana Tiny Fruits Freeze Dried Snacks
22|Blueberry Blast Bar
23|Blueberry Jam
15|Blueberry Kombucha
56|Blueberry Pomegranate Acaí Cultured Goat Milk Kefir
1|Bolani Pumpkin Filled Flatbread
54|Born Yesterday Pale Ale
2|Brambleberry Herbal Tea
7|Brazilian Keratin & Argan Oil Leave-In Conditioning & Styling Elixir
55|Bread, Healthy Whole Grain
16|Breaded Chicken Breast Tenders
55|Breadstick
57|Breakfast Blend Light Roast K-Cup Packs
58|Brioche Bachelor Loaf
2|Brisk With Lemon Iced Tea
59|Broccoli Carrots Sugar Snap Peas & Water Chestnuts
39|Brooklyn Pizza Dough
7|Brown Bobby Pins
60|Brut Rosé
61|Buffalo Milk Butter
62|Buffalo Style Chicken Strips
47|Buffalo Style Chicken Wrap
63|Butter Flavor Pan Popcorn
18|Butterfinger Smooth & Crunchy Peanut Butter Cups
64|Cabernet Sauvignon California
64|Cabernet Sauvignon, Central Coast, 2011
21|Calcium Adult Gummy Vitamins, Orange Cherry & Strawberry
42|Calcium Lime & Rust Remover
21|Calcium Magnesium Citrate Plus Vitamin D3 Natural Mixed Berry Flavor
64|California Merlot
8|Camilia, Single Liquid Doses
65|Can/Bottle Opener, Chrome
18|Candy, Original
66|Cantaloupe
67|Caramel Sauce
68|Carving Board Oven Roasted Turkey
38|Cashews Natural Unsalted
69|Cat Food, Premium, Adult Cat Formula
69|Cat Treats Hair Ball Control Chicken
35|Cauliflower Florettes
70|Cavity Protection Regular Flavor Toothpaste
15|Cayenne Lemonade Made With Raw Tristate Honey
35|Celery Heart
54|Cerveza Especial Imported Beer From Mexico
12|Ceylon Cinnamon
2|Chai Tea Bags
2|Chamomile Citrus Caffeine Free Herbal Tea Artisan Whole Leaf Pouches
21|Chamomilla 30 C
53|Chapatti Chicken Tikki Masala Wrap
71|Chardonnay Paso Robles
26|Cheddar Cheese Curds
72|Cheddar Chex Mix
25|Cheerios Cereal
73|Cheese Creations Four Cheese Cheese Sauce
9|Cheese Spread Port Wine
9|Cheese
73|Cheesy Creations Roasted Garlic Parmesan Sauce
74|Cherry Pie
75|Cherry Soft Drink
28|Chewables Extra Strength Cherry Creme - 48 CT
12|Chicago Steak & Chop Cracked Pepper & Garlic Blend
76|Chicharrones Picante Flavor Pork Rinds
69|Chicken & Brown Rice Formula Cat Food
5|Chicken & Brown Rice Premium Dog Food
53|Chicken & Vegetable Stir Fry Café Steamers
53|Chicken Alfredo with Rotini
77|Chicken Base
16|Chicken Breast Nuggets, Dinosaur Shaped
69|Chicken Liver Paté Canned Cat Food
5|Chicken Meatballs Dog Treats
53|Chicken Nugget Meal
77|Chicken with Noodles Low Sodium Ready To Serve Soup
78|Children's Allergy Relief
78|Children's Bubblegum Flavor Suspension
76|Chile Con Queso Potato Crisps
76|Chile Limón Flavored Potato Chips
79|Chilpotles in Adobo Sauce
2|China Green Tips Green Tea
2|Chinese Breakfast Black Tea
12|Chipotle & Roasted Garlic Seasoning
80|Chips Ahoy! Chewy Cookies
76|Chips Onion Chipotle Garlic
21|ChlorOxygen Alcohol Free Chlorophyll Concentrate Softgels
22|Chocolate Brownie Flavor Protein Bar
22|Chocolate Caramel Whey Protein Bar
22|Chocolate Chip Granola Bars
81|Chocolate Decorating Cookie Icing
82|Chocolate Fudge Layer Cake
22|Chocolate Mint Cookie Crunch Energy Bar
22|Chocolate Mint Cookie Crunch Nutrition Bar
80|Chocolate Reese's Peanut Butter Cup Creme Oreo
80|Chocolate Sandwich Cookies
83|Chow Mein Thin Noodles
47|Chub Chorizo
11|Chub Mackerel
5|Chunky Beef with Vegetables & Brown Rice Dog Food
77|Chunky Classic Chicken Noodle Soup
80|Cinnamon Pop'ettes
61|Cinnamon Sugar Butter Tub
2|Citrus Terere Yerba Mate
54|Clamato Chelada Beer
17|Clarified Lime Juice
63|Classic Butter Microwave Popcorn
77|Classic Culinary Low Sodium Vegetable Broth
84|Classic Italian Grated Parmesan
85|Classic Original Hummus
75|Classic coke
47|Classics Baby Binks Easter Chocolate Bunny
2|Classics Earl Grey Tea
42|Clean Cuisine Food Prep Disposable Gloves
42|Clean Day Countertop Spray
7|Clean Freak Refreshing Dry Shampoo
10|Clean Linen Wax Melts Refill
7|Cleanse & Replenish 2-in-1 Shampoo
42|Clear Bottle Brush
35|Clementine Bag
41|Clorox Free and Clear Stain Fighter & Color Booster
86|Clorox Stain Fighting + Cascade Cleaning Lemon Scent Action Pacs
12|Coarse Grind Garlic Powder & Parsley Blend
87|Cockroach Killing Bait Strips
85|Cocktail Time Hummus
24|Coco Joe Pumpkin Seeds
22|Coconut Chocolate Chip Energy Bar
20|Coconut Drink, Vanilla
88|Coconut Lime Lip Balm
20|Coconut Milk Creamer Barista Style Original
15|Coconut Nectar Elixir
56|Coconut Yogurt
89|Coffee Liqueur
57|Coffee, Gourmet, All-Purpose Grind, Medium, 100% Colombian, Decaf
90|Coho Salmon Fillet
26|Colby Jack & Mild Cheddar Combo Pack
26|Colby Jack Cheese Slices
78|Cold & Cough Formula, Effervescent Tablets, Citrus
57|Cold Brew Coffee Tahitian Vanilla
78|Cold Remedy Orange Cream Ultra RapidMelt
78|Cold Remedy, Quick Dissolve Tablets, Cherry Flavor
83|Compleats Good Mornings Bacon Breakfast Scramble
19|Complete Funfetti Buttermilk Pancake & Waffle Mix
69|Complete Health Deboned Chicken, Chicken Meal and Rice Cat Food
5|Complete Puppy Food
53|Complete Skillet Meal For Two Chicken Parmigiana & Penne
29|Complete Spring Water Foaming Antibacterial Hand Wash
77|Condensed Vegetable Beef Soup
80|Cookie Chips Crunchy Dark Chocolate Chocolate Chip Cookies
22|Cookie Dough Performance Energy
65|Cookie Sheets
62|Corn Dogs, Mini, Honey Crunchy Flavor
91|Country Brand Chili with Beans
23|Country Fresh Old Fashioned Horseradish
5|Country Stew Choice Cuts In Gravy Dog Food
91|Country Style Baked Beans
92|Couscous, Israeli, Garlic Jalapeno
1|Cracker Crunchers Bologna with Nestle Butterfinger Bar LunchMakers
48|Cracker Trio Selected Favorites
48|Crackers, Puffed, Corn, Quinoa & Sesame
22|Cranberrry  Almond Soft & Chewy Granola Bar
72|Cranberry Almond Fruit Clusters Dried Cranberries
22|Cranberry Almond Plus Antioxidants 1.4 oz Fruit & Nut Bars
14|Cranberry Grape Cocktail
75|Cranberry Splash Diet Soda
4|Cranberry Urinary Tract Health
3|Cream Cleanser for Normal to Dry Skin
93|Cream Style Corn
56|Cream Top Smooth & Creamy Plain Yogurt
56|Creamline Yogurt Wild Blueberry
77|Creamy Chicken Orzo with Mixed Vegetables
94|Creamy Chocolate Sugar Free Powder Coffee Creamer
26|Creamy Danish Blue Cheese Wedge
84|Creamy Italian Dressing Marinade
81|Creamy Supreme Buttercream Frosting
38|Creamy Vanilla Soy Milk Frozen Dessert
27|Crispy Cinnamon Pear Chips
39|Crispy Thin Crust White Pizza
47|Crossovers Olive Thyme Almond
46|Cruisers Diapers Jumbo Pack - Size 5
80|Crunch Vanilla Sugar Mini Cookies
79|Crunchy & Soft Taco Dinner Kit
95|Crunchy Granola Bars Variety Pack
23|Crunchy Organic Dark Roasted Peanut Butter
31|Crushed Pineapple in 100% Juice
42|Crystal Rain Trigger Glass Cleaner
3|Cucumber Witch Hazel With Aloe Vera
7|Curl Enhancing Shea Butter Leave-In Conditioner
51|Curry Powder, Oriental
59|Cut Russet Potatoes Steam N' Mash
38|Cuties Non Dairy Vanilla Frozen Dessert Sandwiches
7|Daily Moisture Shampoo
42|Daily Shower Cleaner Ylang Ylang
96|Daily Tangerine Citrus Flavored Beverage
21|Dailyfoods Vitamin D-3 2000 IU
13|Dairy Free Gluten Free Mushroom & Roasted Garlic Pizza
80|Danish Butter Cookies
18|Dark Chocolate Bar 68% Cacao
67|Dark Chocolate Ice Cream Topping
18|Dark Chocolate Peanut Candy
27|Dark Chocolate Raisins
91|Dark Red Kidney Beans
78|Day and Night Multi-Symptom and Severe Cold & Cough Pain Reliever/Fever Reducer
97|Deli Spicy Brown Mustard
68|Deli Thin-Sliced Honey Ham
69|Delights Classic Chicken And Cheddar Cheese Feast
83|Deluxe Sauce Made with 2% Milk Cheese Macaroni & Cheese Dinner
83|Deluxe White Cheddar & Bacon Macaroni & Cheese Dinner
32|Designer 9 Oz. Paper Cups
68|Diced Pancetta
75|Diet Dr Pepper Bottles
75|Diet Root Beer
57|Direct Trade El Diablo Dark Roast Whole Bean Coffee
10|Disinfectant Spray Cherry Blossom & Pomegranate Scent
42|Disinfectant Spray, Crisp Linen Scent
38|Double Berry Cheesecake
87|Double Control Small Roach Baits Insecticide
37|Dough for Turnover Pastries
84|Dressing Bleu Cheese
12|Dried Parsley Flakes
24|Dried Sweetened Cranberries
78|Dry Nose Oil
98|Dry Pasta Lasagne
24|Dry Roasted Pistachios
78|Dual Action Beta Immune and Anti-Oxidant Effervescent Citrus
57|Duke Medium Roast Cold Brew Coffee Concentrate
2|Echinacea & Elderberry Organic Herbal Tea
21|Echinacea Goldenseal Alcohol Free Extract
25|Eco-Pac Kamut Puffs Cereal
3|EcoNet Recycled Bath Sponge
98|Elbow Macaroni
99|Embrace Sensitive Women's 5 Blade Disposable Razors
96|Energy Tropical Citrus Vitamin Water Drink
58|English Muffins
88|Essentials Foaming Facial Cleanser
100|Estilo Casero Tostadas
42|Euro Sponge Cloths
101|European Cucumber
35|European Style Spring Mix
29|Even & Bright Pink Lemon and Mandarin Orange Body Wash
42|Even The Kitchen Sink Kitchen & Bath Scrubber
7|EverCurl Hydracharge Conditioner
21|Every Woman Multivitamin
2|Everyday Detox Dandelion Tea
32|Everyday Mega Pack Paper Plates
17|Extra Dark Chocolate Baking Chips
26|Extra Sharp Cheddar Cheese
102|Extra Spearmint Sugar-Free Gum
96|Extra Strength Berry
21|Extra Strength Melatonin Adult Gummies
70|Extra Whitening Multi-Benefit Fluoride Toothpaste
41|Fabric Refresher Meadows & Rain Air Freshener (1 Count, 27 oz)  Air Care
41|Fabric Softener Dryer Sheet Free & Gentle 200CT Fabric Enhancers
41|Fabric Softener, Geranium Scent
3|Face for Everyday Moisturize
100|Fajita Flour Tortillas
47|Fancy Diced Hot Chilies
69|Fancy Feast Trout Feast Flaked Wet Cat Food
26|Fat Free Crumbled Feta
76|Fava Crisps, Santa Barbara Ranch
98|Fettucine Paglia & Fieno Enriched Egg Pasta
28|Fiber 4g Gummy Dietary Supplement
101|Fingerling Potato
21|Fish Oil with Vitamin D 1000mg
70|Flat Floss, Antiplaque, Naturally Waxed, Spearmint
32|Flat Toothpicks
22|Flavor & Fiber Banana Walnut Bar
100|Flax, Oat Bran & Whole Wheat Flour Tortillas
17|Flaxseed Meal, Whole Ground
42|Floor Care Tile & Vinyl Floor Finish Clean Scent
74|Flourless Chocolate Truffle Cake
42|Foaming Hand Soap Kid Watermelon
100|Foldit Flatbreads Artisan Rosemary & Olive Oil
45|For Chicken Marinade
29|For Men Odor Armor Body Wash
62|Four Cheese Pizza Frozen Sandwiches
41|Free & Clear Natural Laundry Detergent For Sensitive Skin
46|Free & Clear Unscented Refill Value Packs Baby Wipes
27|Freeze-Dried Edamame Veggie Snack
103|Freezer Safe Pint Jars Wide Mouth
104|French  Tarragon Wine Vinegar
105|French Rolls
22|French Vanilla Creme Protein Energy Bars
38|French Vanilla Ice Cream
89|Fresh Blue Agave Gold Tequila
70|Fresh Breath Oral Rinse Mild Mint
93|Fresh Cut Golden Sweet No Salt Added Whole Kernel Corn
93|Fresh Cut Specialties Cut Golden Wax Beans
106|Fresh Multi-Purpose Contact Lens Solution
14|Fresh Oj
86|Fresh Scent Dishwasher Cleaner
86|Fresh Scent Dishwasher Detergent with Dawn
10|Freshener, Room & Fabric, Relax, Lavender with Vanilla
102|Freshmints
7|Frizz Ease Curl Reviver Mousse
82|Frozen All Butter Pound Cake
38|Frozen Desserts, Fit, Salted Caramel
14|Fruit Punch Juice Drink
18|Fruit Salad Gummi Candy
31|Fruit Vegetable Mango Fruit Square
80|Fudge Brownies with English Walnuts
52|Fully Cooked Turkey Sausage Links
18|Fun Size Snacks
42|Furniture Polish Lemon Scent
96|G2 Thirst Quencher Grape Electrolyte Beverage
91|Garbanzo Beans
23|Garden Strawberry Fruit Spread
26|Garlic & Herb Fresh Goat Cheese
107|Garlic Barrel Pickles
100|Garlic Naan
76|Garlic Parmesan Pita Bread Chips
83|Garlic Primavera Risotto
37|Garlic Texas Toast
101|Garnet Sweet Potato (Yam)
88|Gentle Clean Foaming Face Cleanser, 6.7 fl oz Female Skin Care
30|Geranium Daily Bar Soap
68|German Bologna
2|Get Lost Weight Loss Tea
18|Gin Gins Candy
15|Ginger Berry Kombucha
15|Ginger Chia Kombucha
75|Glass Bottles
103|Glass Storage Container with Green Silicone Protection
80|Gluten Free All Natural Chocolate Chip Cookies
108|Gluten Free Blueberry Muffin Mix
39|Gluten Free Chicken Rustica Pizza
16|Gluten Free Crispy Battered Haddock
17|Gluten Free Garbanzo & Fava Flour
19|Gluten Free Oatmeal, Variety Pack
19|Gluten Free Organic Cereal Coconut Maple Vanilla
22|Gluten Free Peanut Butter Berry  Chewy With A Crunch Granola Bars
92|Gluten Free Quinoa Three Cheese & Mushroom Blend
74|Gluten Free Soft & Chewy Snicker Doodle Cookies
67|Gluten Free Sugar Cones
108|Gluten Free Sugar Cookie Mix
63|Gluten-Free Boom Chicka Pop Sweet & Spicy Popcorn
30|Glycerine Soap, Pure and Natural, Cucumber
29|Go Fresh Nutrium Moisture Body Wash Blue Fig & Orange Blossom Scent
109|Goat Cheese, Spreadable, Breakfast, Fig
12|Gochugaru Korean Chili Flakes
101|Gold Potatoes
80|Golden Cupcakes 8 Pack
105|Golden Potato Buns
23|Goober Strawberry
3|Good & Clean Gentle Acne Wash
18|Gourmet Australian Style Liquorice
74|Gourmet Cupcakes Filled With Sweet Vanilla Creme
5|Gourmet Dog Treats Bone
79|Gourmet Nacho Cheddar Cheese Sauce
49|Grade A Pasteurized 2% Milkfat Lowfat Cottage Cheese with Pineapple
43|Graduates Lil' Entrees Spiral Pasta In Turkey Meat Sauce With Green & Yellow Beans
43|Graduates Lil' Meals Spaghetti Rings In Meat Sauce
110|Granola, Veritas, Organic
1|Grape Leaf Hummus Wrap
1|Grape Sunflower Butter Sunwiches
66|Grapes
56|Grass-Fed Yogurt Blueberry Cardamom
56|Greek & Chia Blood Orange Yogurt
56|Greek 100 Calories Vanilla Fat Free Yogurt
56|Greek Corner Blackberry & Raspberry Lowfat Yogurt
56|Greek Kefir Honey
14|Green Berry Rush Juice Drink
45|Green Chile Anytime Sauce
59|Green Peas, Organic, Petite
35|Greener Selection Salad
35|Grilled Asparagus
24|Ground Flaxseed With Mixed Berries
16|Ground Turkey Chub
41|HE Turbo Powder Original  Laundry Detergent
83|Habanero Lime Shrimp Flavor Ramen Noodle Soup
51|Hacho Miso Aged & Fermented Soybeans
2|Half 'n Half Lemonade Tea
15|Half And Half Guayusa And Juice
17|Halves & Pieces Walnuts
55|Healthfull Nuts & Seeds Bread
110|Healthy Grains Oats & Honey Clusters with Toasted Coconut Gluten Free
63|Healthy Pop Butter Popcorn
18|Hearts Assortment
83|Heat & Eat Organic Bowl Brown Rice
32|Heavy Duty Compostable Bowls 16 oz
42|Heavy Duty Scour Pads
42|Heavy Duty Scrub Sponges
59|Heirloom Boysenberries
111|Hemp Protein, Organic
112|Herb Thyme Clamshell
113|Herbal Armor DEET-Free Natural Insect Repellant
51|Hi-Chew Strawberry Fruit
68|Hickory Smoked Turkey Breast
77|High Fiber Tomato Basil Soup
111|High Protein Chocolate Light Milk Shake
2|Holiday Sugar Plum Spice Herbal Tea
73|Homemade Hot Arrabbiata Fra Diavolo Sauce
77|Homestyle Chicken Noodle Soup Bowl
72|Honey Cinnamon Nut-Thins  Crackers
59|Honey Glazed Carrots
17|Honey Maid Graham Cracker Crumbs
97|Honey Mustard
25|Honey Nut Oatmeal Squares
56|Honey Vanilla Greek Yogurt
7|Honeydew Hawaiian Shampoo
54|Hop Devil IPA
83|Hot & Spicy Chicken Flavor Ramen Noodles
12|Hot Chopped Green Chili
109|Hot Tomatillo Salsa
85|Hummus Roasted Garlic
1|Hummus Wrap
99|Hydro Silk Women's Sensitive Skin Refill Blades
40|Ibuprofen Liquid Gels
38|Ice Cream, Cookies & Cream
2|Iced Peach Tea
114|Imitation Crabmeat
11|Imported Italian Solid Light Tuna In Pure Olive Oil
107|Imported Kalamata Olives in Vinegar Brine
62|Indian Bites Samosa & Chutney Spiced Potato Pockets With Peas & Cilantro Chutney
28|Infant's Blend Probiotic
4|Infinity Always Infinity Size 2 Super Pads with Wings, Unscented, 16 ct Feminine Care
100|Injera Flat Bread
83|Instant Mashed Potatoes
57|International Cafe French Vanilla Mix
88|Invigorating Face Wash Men
27|Island Fruits Fruit Snacks
115|Israeli Style Gefilte Fish
52|Italian Herb Porcini Mushrooms Chicken Sausage
116|Italian Pasta Salad
45|Italian Style Panko Breadcrumbs
55|Italian Style Seasoned Bread Crumbs
109|Jack's Special Salsa Medium Hot
45|Jammin' Salmon Rub Spice Blend
75|Jasmine Tea Unfiltered Ginger Ale
23|Jelly, Blackberry
57|Jet Fuel Dark Roast Whole Bean Coffee
101|Juicing Carrots
14|Junior Juice Mixed Fruit Juice
75|Juniper Berry Soda
27|Just Fruit Salad
101|Kabocha Squash
38|Kandy Bars Fudge Krunch
80|Keebler Sandies Cashew 12.8 Oz
48|Kettle Corn Popcorn Chips
99|Key Lime Moisture Shave
75|Key Lime Soda
16|Key West Pink Shrimp
79|Kidney Beans, Dark, Premium
43|Kids Organic Mashups Squeezable Fruit Strawberry Banana
56|Kids Strawberry Yogurt Tubes
62|Kidz All Natural Baked Chicken Nuggets
21|Kind Prenatal Once Daily
18|Kisses Milk Chocolate Candy
117|Kiwi Strawberry Sparkling Water
107|Kosher Dill Babies
118|Lamb Rib Chops
119|Lamb Shank
34|Lash Discovery Waterproof Mascara - Very Black
7|Lasting Color Shampoo
41|Laundry Soil Stain Remover
30|Lavender Body Wash
21|Lecithin Granules Non-GMO
42|Lemon Fresh Multi Surface Cleaner
30|Lemon Verbena Bar Soap
120|Lemonade Flavor Drink Mix
56|Light & Fit Strawberry Cheesecake Greek Nonfat Yogurt
9|Light Brie Soft-Ripened Cheese Mini-Wheel
38|Light Ice Cream Vanilla
77|Light Savory Beef Barley Vegetable Soup
56|Light Strawberry Blueberry Yogurt
26|Light String Cheese
19|Light and Fluffy  Blueberry Pancake Mix
3|Lightweight Moisturizin Argan & Rosewater Face Lotion
38|Lime Sherbet
41|Linen & Lilies Laundry Detergent
98|Linguine No 7 Pasta
98|Linguine Pasta
98|Linguine, No. 6
78|Liqui-Gels Softgels Dye-Free Allergy
120|Liquid Drink Mix Blackberry Lemonade
47|Liquid Water Enhance Ice Van Java
120|Liquid Water Enhancer Peach Green Tea With Ginseng & Honey
54|Lite Beer
84|Lite Poppy Seed Dressing Lite
31|Lite Sliced Pears in Extra Light Syrup
82|Lite Whipped Topping
80|Little Bites Snickerdoodle Muffins
112|Living Organic Cilantro
101|Local Living Butter Lettuce
80|Low Fat Honey Graham Crackers
121|Low Sodium Turkey
56|Lowfat Raspberry Kefir Probiotic Cultured Milk Smoothie
1|Lunchmakers Pizza Pepperoni with Nestle Crunch Bar
38|M&M's Light Milk Chocolate Ice Cream
53|Mac & Cheezy Ravioli For Kids
35|Mache Blend
21|Magnesium Citrate Caplets
57|Majestic Roast Ground Coffee
88|Makeup Remover Cleansing Towelettes
64|Malbec Red Wine
25|Mallow Oats Cereals
76|Malt Vinegar & Sea Salt Kettle Cooked Potato Chips
59|Mango Chunks
70|Manual Toothbrush
122|Maple Almond Snack Pack
74|Marble Cake Slice
49|Marscapone
23|Marshmallow
38|Mascarpone Pistachio Caramel Gelato
4|Maxi Super with Flexi-Wings
87|Maxtra Cartridge Water Filter Refills
5|Meat In The Middle Large Rawhide Chews
59|Mediterranean Blend Steamers
103|Medium Soup & Salad Containers + Lids
73|Medium Spicy Butter Chicken Simmer Sauce
27|Medium Taqueria Style Chipotle Salsa
7|Medium to Firm Hold Hair Styling Foam
21|Mega Mag
42|Mega Shower Foamer with Ultra Cling Trigger
94|Melanie Medleys Vegetable Cream Cheese
12|Mesa Rosa Chipotle Southwestern Smoky Blend
68|Mesquite Uncured Salame
54|Micro Craft Beer
93|Mild Diced Tomatoes with Green Chilis
85|Mild El Nino Salsa
109|Mild Salsa Divino
43|Milk + Vanilla Toddler Cookies
17|Milk Chocolate Toffee Bits
38|Mini Double Chocolate Ice Cream Bars
80|Mini Nilla Wafers Munch Pack
58|Mini Pre-Sliced Blueberry Bagels
80|Mini Strawberry Donuts
76|Mini Treats Pretzels
66|Mini Watermelon
18|Minis Candy Bars
48|Minis Original Saltine Crackers
67|Mint Chocolate Flavored Syrup
70|Mint Dental Floss
60|Mirabelle Brut Rose
76|Mix-Up Flamin' Hot & Cheezy Mix Flavored Snack Mix
54|Mixed 12 Pack Lion's Share Ale
7|Moisture Rich Sweet Orange & Argan Conditioner
30|Moisturizing Lavender Body Wash
64|Most Wanted Cabernet Sauvignon Red Wine
41|Mountain Stream Fabric Softener
70|Mouthwash Clean Mint Listerine® Zero™
63|Movie Theater Butter Pop Corn
28|Multi-Symptom Relief Caplets
25|Multigrain Peanut Butter Cereal
76|Multigrain Pop Cakes
98|Multigrain Spaghetti Style Pasta
93|Mushroom Stems & Pieces in Water
76|Nacho Cheese White Bean Chips
47|Nacho Grain-Free Tortilla Chips
10|Nag Champa Incense
78|NasaFlo Neti Pot Sinus Relief with Premixed
117|Natural Artisan Water
17|Natural Food Color Packets
41|Natural Liquid Laundry Detergent - Blue Eucalyptus and Lavender
42|Natural Stone & Steel Cleaner
26|Naturally Aged Cheddar Cheese Block Hot Habanero
70|Naturals Antiseptic Adult Mouthwash Herbal Mint
47|Naturals Grilled Chicken Nugget
50|Naturals Savory Turkey Breakfast Sausage
81|Nature's Colors Decorating Sugars Sunflower Yellow
12|Nature's Seasons Seasoning Blend
66|Nectarines
77|New England Clam Chowder Condensed Soup
79|New Mexico Chili
42|No Scratch Scrubber Sponges
38|No Sugar Added The Original Fudge Pops
70|No Wax Floss Classic 490
94|Non Alcoholic Caramel Coffee Creamer
56|Non-Fat Blueberry on the Bottom Greek Yogurt
42|Non-Scratch Scrub Sponges
77|Noodle Soup Mix With Chicken Broth
51|Noodle Soup, Shin Cup, Gourmet Spicy
21|Norwegian Salmon Oil Omega-3s EPA & DHA Dietary Supplement Soft Gels 1000 mg
95|Nutri-Grain Harvest Hearty Breakfast Bars Country Strawberry
22|Nutrition Bar, Raw Organic, Pineapple Almond + Raw Protein
80|Nutter Butter Cookie Bites Go-Pak
78|NyQuil Severe Cold & Flu
84|OPA Greek Yogurt Ranch Dressing
55|Oatnut Bread
123|Odor Control Home Trash Compactor Bags 18 Gallon
5|Oh My Cod! Cod Pate and Vegetables Cat Food
88|Oil-Free Acne Wash
7|Old Fashioned Bar Shampoo Original Formula
84|Old Fashioned Buttermilk Ranch Salad Dressing
77|Old Fashioned Vegetable Beef Soup
68|Olli Napoli Salami
120|On The Go Fruit Punch Drink Mix
111|One Plant-Based Mixed Berry Flavor Nutritional Shake Drink Mix
103|OneZip Storage Bags Quart Size Value Pack
12|Onion & Herb Salt-Free Seasoning Blend
51|Onion Flavor Organic Roasted Seaweed Snack
96|Orange Flavored Sports Drink
38|Oreo Cookies and Cream Chocolate Frozen Dairy Dessert
98|Organic 100% Whole Wheat Rigatoni
18|Organic 54% Cocoa Dark Chocolate Bar
25|Organic Amaranth Flakes
14|Organic Apple Spinach Kale Coconut Water Superjuice
96|Organic Berry Fuel Energy Drink
66|Organic Black Seedless Grapes
15|Organic Blackberry Blend Juice
76|Organic Blue Corn Sea Salt Tortilla Chips
43|Organic Blueberry Blitz Fruit & Veggie Smoothie Mashups
56|Organic Blueberry Pomegranate Whole Milk Yogurt
15|Organic Bold Original Cacao Superfood Drink
101|Organic Broccolini
59|Organic California Blend
2|Organic Chamomile Lemon Tea
107|Organic Classic Caraway Kraut
35|Organic Clementines
26|Organic Creme Fraiche
35|Organic Crunchy Slaw Americana Salad
93|Organic Diced Tomatoes
24|Organic Dried Cranberries
77|Organic Elmo Vegetable Soup
17|Organic Enriched Unbleached White Flour
80|Organic Family Recipe Chocolate Chip Cookies
59|Organic Fiber Fruit Blend
21|Organic Flax Oil
43|Organic Four Bean Feast Baby Food
112|Organic Fresh Basil
14|Organic Fruit Punch
111|Organic Fuel, High Protein Milk Shake, Vanilla
17|Organic Granulated Tapioca
18|Organic Hard Candy Blood Orange and Honey
77|Organic Hearty Garden Vegetable Soup
97|Organic Honey Mustard
47|Organic Honeycrisp Apples
80|Organic Lemon Gingersnap
66|Organic Lemons
56|Organic Lowfat Pomegranate Acai Kefir Probiotic Cultured Milk Smoothie
22|Organic Mango Mania ZFruit and Veggie Rope
59|Organic Mango Peach Carrot Kickstart Smoothie
97|Organic Medium Yellow Thai Curry
50|Organic Mini Homestyle Waffles
26|Organic Mozzarella
55|Organic Oat Bread
100|Organic Old World Flatbreads Pizza Crust
101|Organic Orange Bell Pepper
15|Organic Orange Turmeric Juice
14|Organic Pasteurized Apple Juice
15|Organic Peppermint Lemonade
107|Organic Pitted Kalamata Olives
83|Organic Porcini Mushroom Risotto
25|Organic Promise Strawberry Fields Cereal
85|Organic Ranch Veggie Dip
23|Organic Raw Almond Butter
97|Organic Raw Coconut Aminos
84|Organic Red Wine & Olive Oil Dressing Organic
89|Organic Reposado Tequila
51|Organic Rice Vinegar
2|Organic Roasted Dandelion Root Herbal Tea
73|Organic Roasted Garlic Pasta Sauce
84|Organic Roasted Garlic Vinaigrette Dressing Organic
61|Organic Salted Butter
26|Organic Shredded Mild Cheddar
2|Organic Smooth Move Chamomile Laxative Tea Bags
77|Organic Soups Lentil
48|Organic Sourdough Einkorn Crackers Rosemary
53|Organic Southwestern Burrito
77|Organic Southwestern Vegetable Soup
98|Organic Spaghetti Style Pasta
73|Organic Spicy Heirloom Marinara Sauce
35|Organic Spinach Quinoa Powermeal Bowl
55|Organic Sprouted Barley Bread
15|Organic Strawberry Lemon-ade
15|Organic Super Berry Juice
55|Organic Thin Sliced 100% Whole Wheat Bread
45|Organic Turkey Bone Broth
121|Organic Turkey Burgers
15|Organic Vegetable Greens & Greens Juice Blend
101|Organic Vegetable Tray
43|Organic Whole Grain Oatmeal Cereal Baby Food
76|Organic Whole Granulation Roasted Buckwheat Groats
124|Organic Whole Grassmilk Milk
35|Organic Whole Peeled Baby Carrots
98|Organic Whole Wheat Elbows
59|Organic Wild Blueberries
101|Organic Yukon Gold Potato Bag
43|Organic Yummy Tummy Maple & Brown Sugar Instant Oatmeal
18|Original Bite Size Candies Natural & Artificial Flavors Fun Size
45|Original Buffalo Wings Seasoning Mix
12|Original Herbamare Infused Sea Salt
45|Original Hickory Grilled Dry-Rub Seasoning
76|Original Minis Pretzel Chips
83|Original New Orleans Style Dirty Rice Mix
104|Original No-Stick Cooking Spray
45|Original Organic Ville BBQ Sauce
76|Original Puffcorn
18|Original Red Twists
19|Original Sprouted Grains Protein & Fiber Hot Oatmeal
68|Original Turkey
6|Outlast Xtend Clean Lavender Invisible Solid
46|Overnight Diapers Size 6
86|Oxy Power Degreaser Ultra Concentrated Dish Liquid
113|PM Sleep Aid Plus Pain Relief
41|PODS Laundry Detergent Spring Meadow Scent 16 Count  Laundry
51|Pad Thai Rice Noodles
78|Pain Reliever and Fever Reducer Cherry Infant Drops
19|Pancake Mix, Buttermilk
14|Peach Aloe Vera Drink
15|Peach Mango Juice
96|Peach Sparkling Energy Water
53|Peanut Butter & Strawberry Jam Sandwich
22|Peanut Butter Bars
22|Peanut Butter Cacao Quinoa Clusters
25|Peanut Butter Cereal
22|Peanut Butter Chocolate Chip Bar
54|Pear Hard Cider
43|Pear and Blueberry Baby Breakfast
4|Pearl Active Duopack Tampons
80|Pecan Sandies Simply Sandies
98|Penne Rigate With Spinach
98|Penne Rigate, 100% Organic Einkorn
77|Pennsylvania Woodlands, Mushroom Barley Soup Mix
38|Peppermint/Banana Split Variety Pack Frozen Dairy Dessert Cones
39|Pepperoni Party Pizza
34|Perfect Fit Facial Tissue
76|Perfectly Thymed Pita Crisps Baked
9|Petit Suisse Fruit
59|Petite Brussels Sprouts
107|Petite Dill Pickles
59|Petite Green Peas
49|Philadelphia Cream Cheese
6|Phoenix Anti-Perspirant & Deodorant Stick Twin Pack
85|Pico De Gallo
54|Pils
8|Pink Moscato California
21|Pink Vitamin C 1000 Mg Pink Lemonade Drink Mix
71|Pinot Grigio, California, 2010
71|Pinot Grigio
39|Pizza for One Suprema  Frozen Pizza
49|Plain Better Than Cream Cheese
47|Plain Dairy-Free Probiotic Drinkable Cashewgurt
56|Plain Fat Free Yogurt
56|Plain Greek Goat Yogurt
58|Plain Pre Sliced Bagels
56|Plain Yogurt
65|Plastic Measuring Cups
32|Plates, Ultra, 10-1/16 Inch
41|Pods Spring Meadow Detergent + Stain Remover + Brightener
102|Polar Ice Sugar Free Gum
52|Polska Kielbasa
8|Poly-Vi-Sol® Infants And Toddlers Multivitamin Supplement Drops
117|Pomegranate Blueberry Sparkling Water
15|Pomegranate Coconut Sparkling Probiotic Drink, Organic
14|Pomegranate Cranberry & Aloe Vera Enrich Drink
125|Pomegranate Molasses
47|Pompelmo Water
27|Pop'n Hot! Vegan Broccoli Poppers
58|Poppy Seed Bagels
85|Pork & Duck Live Mousse With Port Wine Topped With Aspic
119|Pork Tenderloin
108|Pound Cake Cake Mix
15|Power Greens
86|Powerball Quantum Max Shine & Protect Automatic Dishwasher Detergent
26|Precious Mozzarella Cheese
7|Preference Fade-Defying Color + Shine System  LB02 Extra Light Natural Blonde
7|Preference Fade-Defying Color + Shine System 9.5NB Lightest Natural Blonde
14|Premium Apple Juice
68|Premium Deli Hard Salami
68|Premium Deli Oven Roasted Turkey Breast
52|Premium Sliced Bacon
21|Prenatal One, Tablets
83|Prepare And Serve Mashed Potatoes
48|Pretzel Thins Parmesan Herb Crackers
69|Prime Filets Chicken & Tuna Dinner in Gravy Cat Food
69|Proactive Health Mature Adult Hairball Care Cat Food
21|Probiotics High Potency Capsules
28|Probiotics Women 50 & Wiser Vegetarian Capsules
21|Propolis Herbal Supplement
25|Protein Blend Honey Oats & Seeds Cereal
96|Protein Shake, Organic, Banana Creme
108|Pumpkin Muffin Mix
80|Pure Butter Shortbread Scottie Dogs
17|Pure Cane Granulated W/Spout Sugar
14|Pure Coconut Water With Orange
17|Pure Granulated Cane Sugar
21|Pure Moringa Vegetable Powder
3|Purifying Daily Detox Scrub
107|Quality Kraut
19|Quick Cooking Steel Cut Oats
4|Radiant Pantiliners Regular Wrapped Unscented
29|Rain Bath Refreshing Shower Gel
38|Rainbow Sherbet Ice Cream
37|Raisin Cinnamon Bagels 5 count
77|Ramen Noodles Soup Chicken Mushroom Flavor
22|Raspberry Fig Bars
47|Ratatouille
24|Ready to Eat Organic Flax Chia Blend
5|Real Chicken & Veggies Recipe Dog Food
83|Red Beans & Rice Cajun Sides
81|Red Food Color
84|Red Jalapeno Caesar Dressing
23|Red Raspberry Jam
48|Red Rice Crackers
87|Red Roses
66|Red Seedless Grapes Imported
47|Red Sweet Mini Pepper
26|Reduced Fat Cheddar Cheese Slices
14|Refreshers Strawberry Lemonade Sparkling Green Coffee Energy Drink
29|Refreshing Ocean Breeze Body Wash
79|Refried Beans Vegetarian
104|Reg; Organic Apple Cider Vinegar 16 Fl Oz
126|Rendered Duck Fat
78|Rescue Remedy, Spray
8|Rescue Remedy
76|Restaurant Style Organic Chia & Quinoa Tortilla Chips
7|Restorative Biotin Conditioner
38|Restore Banana Kale Banana & Pineapple
99|Revitalizing Moisture Tropical Citrus Razor Kit
6|Revive Anti-Perspirant Deodorant
76|Rice & Bean Snack Chips With Adzuki Beans Chipotle Cheese
92|Rice, Extra Long Grain, Enriched
71|Riesling, Mosel, 2014
96|Rio Berry
39|Ristorante Pizza Spinaci Thin Crust Pizza
14|Roarin' Waters Wild Cherry Water Beverage
83|Roasted Garlic Mashed Potates
53|Roasted Vegetable Soufflé
2|Robust Golden Unsweetened Oolong Tea
35|Romaine
7|Rose & Apricot Hair Milk
81|Royal Blue Decorating Icing
7|Sa Extra Hold Mousse Hair Styling
35|Salad, Cobb
68|Salame All Natural Uncured Pepperoni
78|Saline Nasal Mist
69|Salmon and Tuna Formula Dry Cat Food
109|Salsa Hot
109|Salsa Roja
12|Salt Free Seasoning
38|Salted Caramel Ice Cream
22|Salted Caramel Lean Protein & Fiber Bar
51|Sambal Oelek Ground Fresh Chili Paste
115|Sardines in Water Salt Added
99|Satin Care Sensitive Skin Shave Gel
84|Saucy Ginger Mandarin Dressing
50|Sausage Gravy & Biscuit
52|Sausage Smoked Sweet German Brand
79|Sazon Con Azafran
113|Scars Cream + SPF 30
87|School Glue, Washable, No Run
27|Scooby-Doo! Fruit Flavored Snacks
56|Seasonal Oikos Greek Yogurt
79|Seasonal Tamale
4|Security Super Plus Unscented Tampons
44|Select-A-Size Paper Towels, White, 2 Huge Rolls = 5 Regular Rolls  Towels/Napkins
17|Semisweet Chocolate Super Cookie Chips
99|Sensitive Shave Gel with Aloe
45|Sesame Ginger Marinade
45|Sesame Teriyaki Sauce & Marinade
19|Shake n Pour Buttermilk Pancake Mix
127|Shampoo Baby Shampoo
26|Sharp Cheddar
26|Shaved Parmesan Cheese
29|Shea Butter Body Wash
83|Shells & Real Aged Cheddar Macaroni & Cheese
104|Sherry Reserve Vinegar
53|Shrimp with Pasta & Vegetables
108|Signature French Vanilla Cake Mix
36|Silken Tofu
32|Silverware, Metallic
48|Simple White Down East Crackers
18|Simple
76|Simply Beyond Black Bean Tortilla Chips
91|Single Classic Canned Meat
21|Single Herbs Ginkgo Leaf Dietary Supplement
26|Skim Milk sharp Cheddar Cheese Singles
55|Skinny Wheat Buns
118|Skirt Steak
2|Sleepytime Sinus Soother Herbal Tea
26|Sliced American Cheese
69|Sliced Chicken Entree Cat Food
68|Sliced Kosher Salami
58|Sliced Onion Bagels
109|Sloppy Joe Sauce
45|Sloppy Joes Seasoning Mix
53|Sloppy Joe
38|Slow Churned Mint Chocolate Chip Ice Cream
5|Small & Medium Dental Dog Treats
53|Smart Ones Classic Favorites Mini Rigatoni With Vodka Cream Sauce
114|Smoke Roasted Wild Sockeye Asian Sesame Salmon
114|Smoked Atlantic Nova Salmon
68|Smoked Ham & Oven Roasted Turkey Sub Sandwich Kit
9|Smoked Sea Salt & Rosemary Goat Cheese & Olive Oil Infusion
25|Smorz Cereal
87|Snack Bags
18|Snack Size Candy
5|Snack Sticks Chicken & Rice Recipe Dog Treats
30|Soap, Pure-Castile, 18-in-1 Hemp, Lavender
75|Soda
18|Soft Eating Mango Flavor Liquorice
71|Sonoma County Sauvignon Blanc
68|Soppressata Piccante
78|Sore Throat Wild Cherry Lozenges
77|Soup, Lower Sodium, Organic, Split Pea
62|Southern Style Diced Hash Brown Potatoes
24|Spanish Peanuts
75|Sparkling Blueberry
75|Sparkling Blush Grape Juice
117|Sparkling Lemon Seltzer Water
117|Sparkling Orange Juice & Prickly Pear Beverage
117|Sparkling Raspberry Lemonade Water Beverage
117|Sparkling Raspberry Seltzer
25|Special K Original Cereal
95|Special K Protein Chewy Granola Bars Almond Honey Oat
95|Special K Vanilla Cappuccino Protein Breakfast Shakes
55|Special Recipe Italian Bread
47|Spicy Bbq Chicken Soup
16|Spicy Chicken Breast Patties
63|Spicy Jalapeno Ranch Popcorn
73|Spicy Tomato & Basil Pasta Sauce
53|Spinach & Feta Pierogi
128|Spinach Basil Garlic Linguini
73|Spinach Pesto
42|Sponge Blossoms
42|Sponge Mop
83|SpongeBob Shapes Macaroni & Cheese Dinner
81|Sprinklez Confetti Fun Organic Toppings
48|Sprouted Kale Cracker
41|Stain Odor Eliminator Detergent
41|Stain Release Boost In-Wash Stain Remover Pacs
65|Stainless Steel Strainer
43|Starting Solids Carrots Organic Baby Food
45|Steakhouse Onion Burger with Garlic Seasoning
59|Steamfresh Chef's Favorites Lightly Sauced Roasted Red Potatoes & Green Beans
83|Stove Top Stuffing Mix for Turkey
15|Strawberry Banana Juice
38|Strawberry Cheesecake Ice Cream
47|Strawberry Cheesecake Nonfat Yogurt
22|Strawberry Pomegranate
13|Street Tacos
49|String Cheese, Mozzarella
22|Strong & Kind Roasted Jalapeno Almond Protein Bar
39|Stuffed Crust Five Cheese Pizza
53|Stuffed Pasta Shells
120|Sugar Free Fruit Juicy Red Drink Mix
67|Sugar Free Hot Fudge Topping
18|Sugar Free Mint Patties
73|Sugo Rosa Pasta Sauce
18|Sun Cups Dark Chocolate
55|Sunflower Bread
25|Sunrise Crunchy Cinnamon Cereal
8|Sunset Blush
54|Super Dry Beer
21|Super Enzymes
4|Super Plus Cardboard Applicator Unscented Tampons
2|Super Slimming Herbal Tea
22|Superfood Bar Goji Acai Organic
86|Superior Spot & Film Protection Jet-Dry Dishwasher Rinse Aid
76|Supreme Pretzel Crackers
46|Swaddlers Diapers Jumbo Pack Size Newborn
42|Sweeper Open Window Fresh Scent Wet Mopping Cloths Refill
97|Sweet & Smokey Kansas City Bbq Sauce
2|Sweet Chai of Mine Chai Tea Bags
51|Sweet Cooking Rice Seasoning
17|Sweet Cream Buttermilk Powder
95|Sweet Lemon Rain Dance Bar
118|T Bone Steak
53|TAI PEI      14OZ.SWEET & SOUR CHKN
45|Taco Reduced Sodium Seasoning Mix
29|Tahitian Renewal  Body Wash
103|Take Alongs Twist & Seal Liquid Storage
76|Tapatio Salsa Picante Hot Sauce Tortilla Chips
69|Tasty Treasures Cat Food Variety Pack
2|Tea Temples Green Tea With Mint
127|Tea Tree & Lavender Shampoo & Body Wash
7|Tea Tree + Sea Buckthorn Calming Shampoo
7|Tea Tree Replenishing Shampoo
2|Tea, Superflower, Hibiscus, Blueberry, Caffeine-Free, Bags
43|Teensy Fruits Baby Fruit Snacks Berry
113|Tegaderm Waterproof Transparent Dressing
89|Tennessee Whiskey
89|Tequila Reposado with Glass
43|The Red ONe: Squished Fruit Smoothies
53|The Santa Cruz Burrito
12|Thick & Zesty Spaghetti Sauce Mix
48|Thick Cut Italian 7-Herb Blend Crispbreads
42|Thick Gel Toilet Bowl Cleaner
39|Thin & Crispy Crust Pepperoni Pizza
48|Thin Cakes, Puffed Multigrain
39|Thin Crust Pepperoni & Pesto Pizza
76|Thin Stackers Brown Rice  Salt Free
48|Thin Stackers Organic 5 Grain Puffed Grain Cakes
128|Three Cheese Ravioli
53|Three Cheese Ziti, Marinara with Meatballs
69|Tidy Cats 4-in-1 Strength Cat Litter
97|Tikka Masala Curry Sauce
50|Toaster Pops Strawberry
36|Tofu, Gluten Free, Garlic Pepper
108|Toll House Ultimate Chocolate Peanut Butter Deluxe Cookie Dough
109|Tomatillo Salsa
79|Tomatillos Tomatoes
93|Tomato Paste with Basil, Oregano & Garlic Flavor
87|Toothpicks
70|Total Advanced Floss Tip Medium Toothbrush
106|Totality Multi-Symptom Relief
129|Totz Toothbrush Extra Soft 18+ Months
48|Town House Sea Salt & Olive Oil Flatbread Crisps
77|Traditional Chicken & Orzo with Lemon Soup
77|Traditional Chicken Tuscany Soup
53|Traditional Lasagna with Meat Sauce Savory Italian Recipes
91|Traditional No Fat Refried Beans
51|Traditional Red Miso
47|Traditional Tartar Sauce
48|Traditional Water Crackers
84|Tri Color Tortilla Strips
21|Tri-Vi-Sol® Vitamins A-C-and D Supplement Drops for Infants
98|Tricolor Penne
38|Triple Chocolate Ripple
18|Triple Chocolate Snack Size
41|Triple-Acting Laundry Stain Remover
56|Trix Cotton Candy Yogurt
96|Tropical Brain Toniq
52|Turkey Bacon
68|Turkey Bologna
1|Turkey Breast Oven Roasted
116|Turkey Chili
53|Turkey Meatloaf & Mashed Potatoes
91|Turkey With Beans 98% Fat Free Chili
68|Turkey
103|Twist n Loc Small Round Containers + Lids
85|Tzatziki Cucumber Sauce
85|Tzatziki Greek Yogurt Dip
70|ULTRACLEAN™ Cool Mint ULTRACLEAN™
4|Ultimate Absorbency Long Pads
4|Ultimate Absorbency Regular Length
21|Ultimate Omega 1000 mg Lemon Soft Gels
32|Ultra 7 Inch Polypropylene Traditional Plates
47|Ultra Antibacterial Dish Liquid
86|Ultra Concentrated Antibacterial Hand Soap Lemon Scent Dishwashing Liquid
41|Ultra Power Plus Laundry Detergent 54 loads
44|Ultra Soft & Strong Double Roll Bath Tissue
68|Ultra Thin Pastrami
4|Ultra Thin Super Long with Wings Pads
124|Ultra-Filtered Whole Milk
63|Uncured Cracked Pepper Beef
68|Uncured Hard Salami
47|Uncured Turkey Bologna
77|Unsalted Beef Broth
76|Unsalted Pretzel Round
4|Unscented Regular Sleek Tampons
55|Unseeded Plain Rye
41|Unstopables Downy Unstopables Dreams In-Wash Scent Booster Fabric Enhancer 13.2oz Fabric Enhancers
20|Unsweetened Original Organic Soy Non-Dairy Beverage
20|Vanilla Almond Breeze Almond Milk
23|Vanilla Almond Butter Squeeze
20|Vanilla Almond Cashew Almondmilk Cashewmilk Blend
22|Vanilla Almond Protein Bar
75|Vanilla Cream Soda
10|Vanilla Incense of Auroville
38|Vanilla Milk Chocolate Almond Ice Cream Bars Multi-Pack
38|Vanilla Orange Swirl Ice Cream
80|Vanilla Sugar Cookies
57|Vanilla with Almond Milk Iced Coffee
88|Vanishing Acne Treatment Cream
13|Vegan Santa Fe Style Flour Tortilla Rolled Tacos
83|Vegan Shells & Creamy Sauce Mac & Cheese Macaroni & Cheese Organic
111|Vegan Smart All-In-One Nutritional Shake Vanilla
77|Vegetable Classics Vegetable Soup
47|Vegetable Hearty Garden Soup
53|Vegetable Pie In A Pocket Sandwich
53|Vegetable Pot Pie
35|Vegetable Salad Kit, Sweet Kale
45|Vegetarian Brown  Gravy Mix
36|Vegetarian Grain Meat Sausages Italian - 4 CT
13|Veggie-Style Mini Corn Dogs
83|Velveeta Shells & Cheese Bold Jalapeno
111|Very Vanilla Boost Plus Nutritional Drink
20|Very Vanilla Soymilk
54|Villager Ipa
104|Vinegar Balsamic
21|Vitamin B6 100 mg
21|Vitamin C 1000 Mg Tropical Drink Mix Dietary Supplement
21|Vitamin C Formula 1000 mg Vegetarian Tablets
21|Vitamin D3 1000 I.U Vegetable Capsules
21|Vitamin D3 Cholecalciferol Softgels
7|Vitamin E Moisture Rich Shampoo for Dry or Damaged Hair
3|Vitamin E Oil 45,000 IU
25|Waffles, Red Berry
30|Warming Balsam Fir Mineral Bath
64|Washington State Merlot
48|Water Crackers Original All Natural
25|Wheat Chex Cereal
55|Wheat Sandwich Bread
94|Whipping Cream
91|White Chicken Chili with Beans Pouch
91|White Chicken Chili
35|White Pearl Onions
2|White Tea Lavender Probiotic Kefir Water No. 2
71|White Wine Winemaker's Blend California, 2010
81|White Writing Gel
57|Whole Bean Organic Kick Ass Coffee
12|Whole Coriander
98|Whole Grain Linguine Pasta
116|Whole Grain Salad with Roasted Pecans & Mango Vinaigrette
14|Whole Leaf Pure Aloe With Lemon Juice
93|Whole Pickled Beets
95|Whole Wheat Fig Bar
48|Whole Wheat Fresh Stack Crackers
55|Whole Wheat Loaves
48|Whole Wheat Mini Toasts
62|Whole Wheat Spanakopita
100|Whole Wheat Tortillas
70|Wicked Fresh! Cool Peppermint Toothpaste
11|Wild Albacore Tuna No Salt Added
78|Wild Berries Sore Throat Lozenges
23|Wild Blueberry All Natural Fruit Spread
128|Wild Chanterelle Mushroom Ravioli
125|Wild Forest Raw Neem Honey
36|Wild Mushroom Vegetarian Quarter Loaf
2|Wild Raspberry Hibiscus Caffiene Free Herbal Tea Bags
130|Wild Rice Blend
11|Wild Sardines in Marinara Sauce
51|Won Ton Wrappers
100|Wraps, Turmeric
47|Write Bros Ball Point Pens, Cap-Pen, Medium (1.0 mm), Black Ink
96|XXX Acai Blueberry Pomegranate
70|XyliWhite Platinum Mint Toothpaste Gel
17|Xylitol Sweetener
115|Yahrzeit Light Memorial Candle
93|Yams Cut Sweet Potatoes In Orange Pineapple Sauce
101|Yellow Cherry Tomato
79|Yellow Corn Taco Dinner Kit
56|YoKids Squeeze Organic Blueberry Blue Yogurt
56|YoTot Organic Raspberry Pear Yogurt
26|Yogurt Cheese with Probiotic
35|Yogurt Fruit Dip Sliced Apples
56|Yogurt Strawberry Pomegranate
117|Zero Strawberry Lemon
103|Zipper Bags Sandwich - 50 CT
98|Zita Cut, No. 118
14|fruitwater® Strawberry Kiwi Sparkling Water
43|in Gravy with Carrots Peas & Corn Mashed Potatoes & Meatloaf Nuggets
86|with Dawn Action Pacs Fresh Scent Dishwasher Detergent Pacs
